{"schemaVersion":"1.0","appDefinitionTemplate":{"id":"/providers/Microsoft.PowerApps/apps/","type":"Microsoft.PowerApps/apps","tags":{"minimumRequiredApiVersion":"2.2.0"},"properties":{"appVersion":"2019-02-28T10:21:34Z","lifeCycleId":"Published","createdByClientVersion":{"major":3,"minor":19023,"build":12,"revision":0,"majorRevision":0,"minorRevision":0},"minClientVersion":{"major":3,"minor":19023,"build":12,"revision":0,"majorRevision":0,"minorRevision":0},"backgroundColor":"rgba(0, 176, 240, 1)","backgroundImageUri":"/16818595354274443698/N84004e94-91ba-4fa3-8deb-e76b54ca6d30-logoSmallFile","displayName":"UserMgmt","description":"","appUris":{"documentUri":{"value":"/16818595354274443698/Nb8af041b-a1a1-432f-a956-5bb7ef0e67a7-document.msapp","readonlyValue":"/16818595354274443698/Nb8af041b-a1a1-432f-a956-5bb7ef0e67a7-document.msapp"},"imageUris":[]},"createdTime":"0001-01-01T00:00:00Z","lastModifiedTime":"0001-01-01T00:00:00Z","sharedGroupsCount":0,"sharedUsersCount":0,"icons":{"smallIconUri":"/16818595354274443698/N082a583a-5030-44c4-9ba9-80dd90dc6ea7-small.png","mediumIconUri":"/16818595354274443698/Nb5761b37-b66f-4f7f-86ad-23c1dfdc759d-medium.png","largeIconUri":"/16818595354274443698/Na785f9a7-1b06-4d47-9104-443da881de8c-large.png","wideIconUri":"/16818595354274443698/N3c44d0b7-ad3e-460a-93d0-c53e906f708b-wide.png"},"connectionReferences":{"221e7490-4602-4198-8689-c64682407527":{"id":"50b948cb-c0e1-411b-9d52-358463a840f1","displayName":"Power platform for Admins","iconUri":"https://connectoricons-prod.azureedge.net/powerplatformforadmins/icon_1.0.1056.1255.png","dataSources":["PowerplatformforAdmins"],"dependencies":[],"dependents":[],"parameterHints":{},"isOnPremiseConnection":false,"bypassConsent":false,"dataSets":{},"apiTier":"Standard","isCustomApiConnection":false},"fc91fc62-74fb-44d1-8bf1-953279fa5042":{"id":"246bdbd7-3bf7-4306-ba7f-5123488f3c75","displayName":"PowerApps for Admins","iconUri":"https://connectoricons-prod.azureedge.net/powerappsforadmins/icon_1.0.1056.1255.png","dataSources":["PowerAppsforAdmins"],"dependencies":[],"dependents":[],"parameterHints":{},"isOnPremiseConnection":false,"bypassConsent":false,"dataSets":{},"apiTier":"Standard","isCustomApiConnection":false},"d4d2c302-32e3-427d-b845-9cd49a45cd10":{"id":"0e29599b-8f27-485a-9631-96d3292bbbb2","displayName":"SharePoint","iconUri":"https://connectoricons-prod.azureedge.net/sharepointonline/icon_1.0.1019.1195.png","dataSources":["SandPitAccessRequests","training-and-compliance"],"dependencies":[],"dependents":[],"parameterHints":{},"isOnPremiseConnection":false,"bypassConsent":false,"dataSets":{"https://m365x536693.sharepoint.com/sites/powerapps-governance":{"dataSources":{"SandPitAccessRequests":{"tableName":"ec3bd401-8229-4eac-a038-cf5c65452a53"},"training-and-compliance":{"tableName":"f83d84e7-47ea-4e8c-adcc-17a0edfca75f"}}}},"apiTier":"Standard","isCustomApiConnection":false},"f73217d8-5217-4ca7-b7ce-f978d47bb37e":{"id":"f1b63b00-fb86-44d5-84f4-010fe1c016f7","displayName":"Office 365 Users","iconUri":"https://connectoricons-prod.azureedge.net/office365users/icon_1.0.1002.1175.png","dataSources":["Office365Users"],"dependencies":[],"dependents":[],"parameterHints":{},"isOnPremiseConnection":false,"bypassConsent":false,"dataSets":{},"apiTier":"Standard","isCustomApiConnection":false},"ba84844a-9af7-436e-b62e-69b101cad68c":{"id":"fe05c767-4591-46a3-940f-4a8c016de574","displayName":"Office 365 Outlook","iconUri":"https://connectoricons-prod.azureedge.net/office365/icon_1.0.1008.1183.png","dataSources":["Office365"],"dependencies":[],"dependents":[],"parameterHints":{},"isOnPremiseConnection":false,"bypassConsent":false,"dataSets":{},"apiTier":"Standard","isCustomApiConnection":false},"4c0cd21f-7200-4498-8f31-f63c2a6c1dfc":{"id":"a127aef4-e19f-4483-bb63-99ef2676491d","displayName":"PowerApps for App Makers","iconUri":"https://connectoricons-prod.azureedge.net/powerappsforappmakers/icon_1.0.1056.1255.png","dataSources":["PowerAppsforAppMakers"],"dependencies":[],"dependents":[],"parameterHints":{},"isOnPremiseConnection":false,"bypassConsent":false,"dataSets":{},"apiTier":"Standard","isCustomApiConnection":false}},"almMode":"Environment"}}}